{"cameraMode":{"drawMode":0,"name":"Shaded","section":"Shading Mode"},"sceneLighting":true,"audioPlay":false,"sceneViewState":{"showFog":true,"showMaterialUpdate":false,"showSkybox":true,"showFlares":true,"showImageEffects":true,"showParticleSystems":true},"in2DMode":false,"pivot":{"x":5.463970184326172,"y":2.3498117923736574,"z":22.04299545288086},"rotation":{"x":-0.2680027484893799,"y":-0.6587491631507874,"z":0.27241724729537966,"w":-0.6480841040611267},"size":3.0157666206359865,"orthographic":false}